Item Number,Price,Name, Description,Category,URL to Pic
1,32.99,Mens Loose-Fit Cargo Pants,,Pants,http://img3.targetimg3.com/wcsstore/TargetSAS//img/p/14/16/14163563_120711123000.jpg
2,27.99,Utility Woven Cargo Pants,,Pants,http://img2.targetimg2.com/wcsstore/TargetSAS//img/p/14/76/14760848_201309061540.jpg
3,27.99,Mossimo Womens Denim legging,,Pants,http://img1.targetimg1.com/wcsstore/TargetSAS//img/p/14/60/14606490_201309171731_265x265.jpg
4,24.99,Merona Womens Bootcut Jeans,,Pants,http://img3.targetimg3.com/wcsstore/TargetSAS//img/p/14/62/14625655_201307231756_265x265.jpg
5,24.99,Converse Flannel Longsleeve Button Down Shirt,,Shirt,http://img1.targetimg1.com/wcsstore/TargetSAS//img/p/14/73/14737232_201308291827.jpg
6,24.99,Meronas Mens Longsleeve Button Down,,Shirt,http://img1.targetimg1.com/wcsstore/TargetSAS//img/p/14/61/14615366_201306031715_243x243_pad.jpg
7,9,Mossimo Supply co. Juniors boyfriend Scoop Tee,,Shirt,http://img2.targetimg2.com/wcsstore/TargetSAS//img/p/14/34/14347765_121206223000_243x243_pad.jpg
8,9,Merona Womens Cami,,Shirt,http://img3.targetimg3.com/wcsstore/TargetSAS//img/p/14/62/14625659_201306141525_243x243_pad.jpg
9,24.99,Merona Womens Crewneck Pullover Sweater,,Sweater,http://img1.targetimg1.com/wcsstore/TargetSAS//img/p/14/73/14738816_201309191847.jpg
10,22.99,Xhileration Hearts Intarsia Sweater,,Sweater,http://img1.targetimg1.com/wcsstore/TargetSAS//img/p/14/82/14821152_201309271843_243x243_pad.jpg
11,29.99,Mossimo Supply co. Teal Pullover,,Sweater,http://img2.targetimg2.com/wcsstore/TargetSAS//img/p/14/84/14840605_201310062336_243x243_pad.jpg
12,29.99,Mossimo Supply Co. Berry Pullover,,Sweater,http://img2.targetimg2.com/wcsstore/TargetSAS//img/p/14/84/14840608_201309200322_243x243_pad.jpg
13,40,C9 Mens Venture Loft Coat,,Coat,http://img2.targetimg2.com/wcsstore/TargetSAS//img/p/14/68/14685250_201309021527_243x243_pad.jpg
14,70,C9 Men's venture Shell parka,,Coat,http://img3.targetimg3.com/wcsstore/TargetSAS//img/p/14/68/14685245_201309031702_243x243_pad.jpg
15,45,Womens Hooded Toggle Coat,,Coat,http://img2.targetimg2.com/wcsstore/TargetSAS//img/p/14/55/14557764_201311151115.jpg
16,65,C9 Womens Long Puffer Jacket,,Coat,http://img3.targetimg3.com/wcsstore/TargetSAS//img/p/14/62/14623657_201308291532_243x243_pad.jpg
17,35.99,Womens Merona Neida Winter Boots,,Shoes,http://img2.targetimg2.com/wcsstore/TargetSAS//img/p/14/62/14621637_201307291126_243x243_pad.jpg
18,16.99,Womens Mossimo Supply Co. Lucretia Sneaker â€“ Leopard,,Shoes,http://img2.targetimg2.com/wcsstore/TargetSAS//img/p/14/34/14341450_130117102959_243x243_pad.jpg
19,47.99,Mens Arctic Cat Blackwood Cold Weather Boot,,Shoes,http://img3.targetimg3.com/wcsstore/TargetSAS//img/p/14/61/14612381_201306200909_243x243_pad.jpg
20,34.99,Mens Merona Tristan Hiker,,Shoes,http://img3.targetimg3.com/wcsstore/TargetSAS//img/p/14/59/14590269_201306240950.jpg
21,24.99,Mens Merona Backpack,,Bag,http://img2.targetimg2.com/wcsstore/TargetSAS//img/p/14/57/14577723_201306061130.jpg
22,32.99,Beuno Textured Hobo Handbag,,Bag,http://img1.targetimg1.com/wcsstore/TargetSAS//img/p/14/85/14856132_201310110953.jpg
23,16.99,Hanes 9-Pack Briefs,,Underwear,http://img3.targetimg3.com/wcsstore/TargetSAS//img/p/13/40/13408306.jpg
24,9,FOTL Microfiber 5-Pack Hipster,,Underwear,http://img2.targetimg2.com/wcsstore/TargetSAS//img/p/14/36/14367968_130211163000.jpg
25,7.99,Hanes 6-Pack Crew Socks White,,Socks,http://img1.targetimg1.com/wcsstore/TargetSAS//img/p/14/07/14073530_265x265.jpg
26,9,Merona Womens 3-Pack Preppy socks,,Socks,http://img2.targetimg2.com/wcsstore/TargetSAS//img/p/14/62/14622025_201308291752.jpg
27,12.99,Merona Mens Ski glove,,Gloves,http://img2.targetimg2.com/wcsstore/TargetSAS//img/p/14/72/14723263_201308291817.jpg
28,8.79,Merona Fliptop Gloves Tan,,Gloves,http://img3.targetimg3.com/wcsstore/TargetSAS//img/p/14/62/14627092_201308011012.jpg
29,17.49,Coleman Fleece Blanket,,Blanket,http://img1.targetimg1.com/wcsstore/TargetSAS//img/p/14/35/14358970_121226183000.jpg
30,89.99,Green Zebra Comforter set,,Blanket,http://img1.targetimg1.com/wcsstore/TargetSAS//img/p/11/86/11865247.jpg
31,5,Gift Card,,Giftcard,http://planet941.com/wp-content/uploads/2013/06/bigstock-Colorful-Gift-Cards-7261592.jpg
32,10,Gift Card,,Giftcard,http://planet941.com/wp-content/uploads/2013/06/bigstock-Colorful-Gift-Cards-7261592.jpg
33,20,Gift Card,,Giftcard,http://planet941.com/wp-content/uploads/2013/06/bigstock-Colorful-Gift-Cards-7261592.jpg
